,FP-Nystrom|x,FP-Nystrom|y,FP-Nystrom|y_std,FP-RFF|x,FP-RFF|y,FP-RFF|y_std,LP-RFF 8|x,LP-RFF 8|y,LP-RFF 8|y_std,LP-RFF 4|x,LP-RFF 4|y,LP-RFF 4|y_std
0,46801.7499443667,0.28712,0.062402745131925084,1999483.9866772897,0.47244,0.009643515956330447,401423.5283076628,0.32738,0.0553478238054578,405821.7078235121,0.30392,0.04140222940857169
1,25252.001862266585,0.20834999999999998,0.020989711765529315,798351.2861734264,0.4184,0.031350007974480634,199940.16628420533,0.24567,0.01059035410172863,202164.62049321755,0.24584,0.01189774768601181
2,12502.819961160272,0.16863999999999998,0.003813056516759223,400464.6414093645,0.32751,0.05056037381190927,80058.96007678544,0.19380000000000003,0.003253152317368517,80946.072415262,0.1946,0.00303430387403767
3,5548.936024048484,0.15228000000000003,0.003162530632262717,200251.63780614143,0.24584999999999999,0.006288720060552876,40015.29750988031,0.17285999999999999,0.002304647478466098,40456.39835474985,0.17323000000000002,0.002945946367468352
4,2280.2677312738424,0.14405,0.002625452341978416,79899.98998456467,0.19605999999999998,0.005478813740217872,20094.14655965574,0.15894999999999998,0.0012676750372236645,20315.923875406337,0.15927999999999998,0.0016557777628655448
5,,,,39944.48737225975,0.17267,0.0022725756313047253,,,,,,
6,,,,19982.843994015588,0.16009,0.0020370076092150473,,,,,,
