,FP-Nystrom|x,FP-Nystrom|y,FP-Nystrom|y_std,FP-RFF|x,FP-RFF|y,FP-RFF|y_std,Cir. LP-RFF 8|x,Cir. LP-RFF 8|y,Cir. LP-RFF 8|y_std,Cir. LP-RFF 4|x,Cir. LP-RFF 4|y,Cir. LP-RFF 4|y_std
0,1067655.6337003864,0.28712,0.062402745131925084,6790510.550653311,0.47244,0.009643515956330447,1869186.999363649,0.32738,0.0553478238054578,1879209.6955057501,0.30392,0.04140222940857169
1,733814.9723359965,0.20834999999999998,0.020989711765529315,3568890.5080995234,0.4184,0.031350007974480634,945123.8158653997,0.24567,0.01059035410172863,950391.5405407943,0.24584,0.01189774768601181
2,416357.71939424396,0.16863999999999998,0.003813056516759223,1936102.0507216163,0.32751,0.05056037381190927,321592.42501022806,0.19380000000000003,0.003253152317368517,324837.40790801734,0.1946,0.00303430387403767
3,282274.96119718987,0.15228000000000003,0.003162530632262717,949161.3966256354,0.24584999999999999,0.006288720060552876,104001.6505835199,0.17285999999999999,0.002304647478466098,107215.7907758468,0.17323000000000002,0.002945946367468352
4,121167.93468189353,0.14405,0.002625452341978416,323463.74720482144,0.19605999999999998,0.005478813740217872,3416.475736988269,0.15894999999999998,0.0012676750372236645,6390.1176686039125,0.15927999999999998,0.0016557777628655448
5,,,,103433.11896097631,0.17267,0.0022725756313047253,,,,,,
6,,,,3354.6581605046895,0.16009,0.0020370076092150473,,,,,,
