,FP-Nystrom|x,FP-Nystrom|y,FP-Nystrom|y_std,FP-RFF|x,FP-RFF|y,FP-RFF|y_std,LP-RFF 8|x,LP-RFF 8|y,LP-RFF 8|y_std,LP-RFF 4|x,LP-RFF 4|y,LP-RFF 4|y_std
0,20.5555484704387,0.28712,0.062402745131925084,204.6245094793221,0.47244,0.009643515956330447,84.46506312253565,0.32738,0.0553478238054578,84.63212204550007,0.30392,0.04140222940857169
1,13.07593063348545,0.20834999999999998,0.020989711765529315,114.062893538971,0.4184,0.031350007974480634,52.597985840861284,0.24567,0.01059035410172863,52.727796639487735,0.24584,0.01189774768601181
2,8.517633827418123,0.16863999999999998,0.003813056516759223,78.75154044253739,0.32751,0.05056037381190927,31.520867913873502,0.19380000000000003,0.003253152317368517,31.606047131400448,0.1946,0.00303430387403767
3,4.769879157066676,0.15228000000000003,0.003162530632262717,51.82991243572538,0.24584999999999999,0.006288720060552876,21.066914892967766,0.17285999999999999,0.002304647478466098,21.11062776670902,0.17323000000000002,0.002945946367468352
4,3.2656436993864175,0.14405,0.002625452341978416,31.403121314471264,0.19605999999999998,0.005478813740217872,16.468787872480714,0.15894999999999998,0.0012676750372236645,16.500134248277362,0.15927999999999998,0.0016557777628655448
5,,,,21.91298800579886,0.17267,0.0022725756313047253,,,,,,
6,,,,15.428419031084042,0.16009,0.0020370076092150473,,,,,,
