,FP-Nystrom|x,FP-Nystrom|y,FP-Nystrom|y_std,FP-RFF|x,FP-RFF|y,FP-RFF|y_std,LP-RFF 8|x,LP-RFF 8|y,LP-RFF 8|y_std,LP-RFF 4|x,LP-RFF 4|y,LP-RFF 4|y_std
0,11.371005259998677,40396214.0168061,1944695.4608327318,413.91976930917355,99411078.37600884,16313500.352939932,12.380348014689094,49436589.2622706,4864902.324580103,44.07847728699515,62689327.23608502,2846255.5668296264
1,3.674481297637004,36367982.578071795,1464024.8629478903,46.901209021692566,55643175.49082961,6162807.312291399,4.678408447131021,41797602.47531958,2365646.5498475414,29.14767686530804,53593712.43917343,2733673.9393912144
2,1.2799662841803119,31808303.197819013,1466535.5043729472,12.327684458466763,49055245.539931394,1834351.4795583664,1.7868797845011606,34972103.60827081,1558555.2877804074,20.92877225416306,49446134.18545052,693451.129349509
3,0.652665774212331,28993667.904094897,845195.7720036065,4.3894372544689695,43936523.26036584,3636701.0894611846,0.9924749027996652,32650878.642871417,1716490.0215203501,17.30933440008433,56711388.81952377,2186888.8492924958
4,0.3996833062044604,28214814.522822656,0.2563816693077791,1.7075151716910035,35849948.64879193,1960271.157081992,0.5887294118543113,30523000.27990826,806857.87755159,15.02232419460324,51534525.758326426,1979130.3364756284
5,,,,0.9807674622543644,34116316.09199348,666600.7021452034,0.3336422009651671,29335165.086197417,731233.8667200853,13.222011759248733,37676864.82804272,984978.2071290322
6,,,,0.5950274544869263,31478508.62857033,144821.9950593732,,,,,,
7,,,,0.3368272751625877,29603166.79495241,755009.3444880197,,,,,,
