,FP-Nystrom|x,FP-Nystrom|y,FP-Nystrom|y_std,FP-RFF|x,FP-RFF|y,FP-RFF|y_std,Cir. LP-RFF 8|x,Cir. LP-RFF 8|y,Cir. LP-RFF 8|y_std,Cir. LP-RFF 4|x,Cir. LP-RFF 4|y,Cir. LP-RFF 4|y_std
0,0.2931348411201745,40396214.0168061,1944695.4608327318,85.71958183764761,99411078.37600884,16313500.352939932,37.667940059908595,49436589.2622706,4864902.324580103,38.09154073721271,62689327.23608502,2846255.5668296264
1,0.15771317742330462,36367982.578071795,1464024.8629478903,50.683281957278645,55643175.49082961,6162807.312291399,28.591458913426187,41797602.47531958,2365646.5498475414,28.82497030048621,53593712.43917343,2733673.9393912144
2,0.11234073651635557,31808303.197819013,1466535.5043729472,33.61846592798499,49055245.539931394,1834351.4795583664,14.064893614276437,34972103.60827081,1558555.2877804074,14.270794906240681,49446134.18545052,693451.129349509
3,0.0821636156710964,28993667.904094897,845195.7720036065,20.57282596385853,43936523.26036584,3636701.0894611846,12.529969038383607,32650878.642871417,1716490.0215203501,12.646658368112352,56711388.81952377,2186888.8492924958
4,0.06546292613486286,28214814.522822656,0.2563816693077791,14.042561770731265,35849948.64879193,1960271.157081992,7.226940588194845,30523000.27990826,806857.87755159,7.286087204562911,51534525.758326426,1979130.3364756284
5,,,,12.567787138114403,34116316.09199348,666600.7021452034,4.653427465754012,29335165.086197417,731233.8667200853,4.696114209498086,37676864.82804272,984978.2071290322
6,,,,7.0826606846966795,31478508.62857033,144821.9950593732,,,,,,
7,,,,4.681691176273646,29603166.79495241,755009.3444880197,,,,,,
