,FP-Nystrom|x,FP-Nystrom|y,FP-Nystrom|y_std,FP-RFF|x,FP-RFF|y,FP-RFF|y_std,LP-RFF 8|x,LP-RFF 8|y,LP-RFF 8|y_std,LP-RFF 4|x,LP-RFF 4|y,LP-RFF 4|y_std
0,0.37938887853765857,40396214.0168061,1944695.4608327318,8235.692666255625,99411078.37600884,16313500.352939932,1845.8561391114836,49436589.2622706,4864902.324580103,1885.774946800778,62689327.23608502,2846255.5668296264
1,0.12106455811463745,36367982.578071795,1464024.8629478903,2892.184597380893,55643175.49082961,6162807.312291399,1062.4599505907904,41797602.47531958,2365646.5498475414,1080.6115427341488,53593712.43917343,2733673.9393912144
2,0.043197553336085326,31808303.197819013,1466535.5043729472,1427.6126128976516,49055245.539931394,1834351.4795583664,247.028941410868,34972103.60827081,1558555.2877804074,255.3831736047489,49446134.18545052,693451.129349509
3,0.01744494898498345,28993667.904094897,845195.7720036065,555.204963376725,43936523.26036584,3636701.0894611846,193.32560589597128,32650878.642871417,1716490.0215203501,197.0295319380175,56711388.81952377,2186888.8492924958
4,0.009083076188179022,28214814.522822656,0.2563816693077791,233.2954911998128,35849948.64879193,1960271.157081992,69.01505889926277,30523000.27990826,806857.87755159,70.35976954363683,51534525.758326426,1979130.3364756284
5,,,,197.34681544373376,34116316.09199348,666600.7021452034,32.53854857978048,29335165.086197417,731233.8667200853,33.166620284539455,37676864.82804272,984978.2071290322
6,,,,72.2933982982325,31478508.62857033,144821.9950593732,,,,,,
7,,,,32.35045906068455,29603166.79495241,755009.3444880197,,,,,,
